"","att","D.difficulty"
"att",1,0.436791611899013
"D.difficulty",0.436791611899013,1
